canonical_name,entity_type,unique_papers,total_rows,variant_count,is_singleton,normalization_issue,raw_variants
Large Language Models,Unknown,9,20,6,False,True,LLMs | Large Language Models | Large Language Models (LLMs) | Large language models | Large language models (LLMs) | large language models
Multilayer perceptrons,Unknown,7,9,7,False,True,Multi-Layer Perceptrons | Multi-layer perceptron (MLP) | Multi-layer perceptrons (MLP) | Multilayer perceptron | Multilayer perceptron (MLP) | Multilayer perceptrons | multilayer perceptron
Transformers,Unknown,7,12,7,False,True,GPT-like transformers | GPT-style transformers | Transformer language models | Transformer models | Transformers | transformer models | transformers
Diffusion Models,Architecture,6,9,3,False,False,Diffusion Models | Diffusion models | diffusion models
Chain-of-Thought,Unknown,5,8,6,False,True,Chain-of-Thought | Chain-of-Thought (CoT) | Chain-of-thought | Chain-of-thought (COT) | Chain-of-thought (CoT) | few-shot CoT
Graph convolutional network,Unknown,5,7,5,False,True,Graph Convolutional Network | Graph Convolutional Network (GCN) | Graph Convolutional Networks | Graph convolutional network | graph convolutional network
Stochastic gradient descent,Optimizer,5,10,4,False,True,SGD | Stochastic gradient descent | Stochastic gradient descent (SGD) | stochastic gradient descent
AdamW optimizer,Optimizer,4,5,2,False,False,AdamW | AdamW optimizer
GPT-4,Model,4,4,1,False,False,GPT-4
In-context learning,Technique,4,6,3,False,False,In-context learning | In-context learning (ICL) | in-context learning
LoRA,Unknown,4,5,3,False,False,LoRA | Low Rank Adaptation (LoRA) | Low-rank adaptation
Proximal Policy Optimization,Unknown,4,6,3,False,False,PPO | Proximal Policy Optimization | Recurrent PPO
ResNet,Architecture,4,5,3,False,False,ResNet | ResNets | Residual Network
Chain-of-Thought prompting,Unknown,3,5,3,False,False,Chain-of-Thought (CoT) prompting | Chain-of-Thought prompting | Chain-of-thought prompting
Direct Preference Optimization,Unknown,3,6,4,False,True,Direct Preference Optimization | Direct Preference Optimization (DPO) | Direct preference optimization | Direct preference optimization (DPO)
Gradient descent,Optimizer,3,5,2,False,False,Gradient descent | gradient descent
Graph Neural Networks,Architecture,3,4,2,False,False,Graph Neural Networks | Graph neural networks
Llama-2,Model,3,3,2,False,False,LLaMA-2 | Llama-2
Normalizing flows,Architecture,3,3,2,False,False,Normalizing flow | Normalizing flows
Optimal transport,Algorithm,3,5,3,False,False,Optimal transport | Optimal transport (OT) | optimal transport
Principal component analysis (PCA),Unknown,3,4,3,False,False,Principal Component Analysis | Principal Component Analysis (PCA) | Principal component analysis (PCA)
Reinforcement learning,Technique,3,6,4,False,True,Reinforcement Learning | Reinforcement learning | Reinforcement learning (RL) | reinforcement learning
Autoencoders,Unknown,2,3,2,False,False,Autoencoder | Autoencoders
CodeLlama,Unknown,2,2,1,False,False,CodeLlama
Convolutional neural network (CNN),Architecture,2,3,2,False,False,Convolutional neural network (CNN) | Convolutional neural networks
Cross-entropy loss,Metric,2,4,2,False,False,Cross-entropy loss | cross-entropy loss
Deep Reinforcement Learning,Technique,2,3,3,False,False,Deep RL | Deep reinforcement learning | Deep reinforcement learning (DRL)
Dynamic programming,Algorithm,2,2,2,False,False,Dynamic programming | dynamic programming
Empirical risk minimization,Unknown,2,3,3,False,False,Empirical Risk Minimization | Empirical risk minimization | empirical risk minimization
Generative models,Unknown,2,2,1,False,False,generative models
LLaMA,Model,2,2,1,False,False,LLaMA
Language models,Unknown,2,2,2,False,False,Language models | language models
Latent diffusion models,Architecture,2,3,3,False,False,Latent diffusion models | Latent diffusion models (LDM) | latent diffusion models
Linear probing,Unknown,2,4,2,False,False,Linear probing | linear probing
Linear programming,Unknown,2,2,1,False,False,Linear programming
Markov Decision Process,Unknown,2,2,2,False,False,Markov Decision Process | Markov decision process
Mistral-7B,Unknown,2,2,1,False,False,Mistral-7B
Monte Carlo Tree Search,Algorithm,2,5,4,False,True,MCTS | Monte Carlo Tree Search | Monte Carlo Tree Search (MCTS) | Monte-Carlo Tree Search
Multi-Agent Reinforcement Learning,Technique,2,5,5,False,True,MARL | Multi-Agent Reinforcement Learning | Multi-agent reinforcement learning | Multi-agent reinforcement learning (MARL) | multi-agent reinforcement learning
Neural networks,Unknown,2,2,2,False,False,Neural networks | neural networks
Sinkhorn algorithm,Algorithm,2,2,1,False,False,Sinkhorn algorithm
Stable Diffusion,Model,2,2,1,False,False,Stable Diffusion
Supervised fine-tuning,Unknown,2,3,3,False,False,Supervised fine-tuning | Supervised fine-tuning (SFT) | Supervised finetuning
Supervised learning,Technique,2,4,4,False,True,Supervised Learning | Supervised learning | Supervised learning (SL) | supervised learning
Taylor expansion,Unknown,2,2,1,False,False,Taylor expansion
Transformer architecture,Architecture,2,2,1,False,False,Transformer architecture
U-Net,Unknown,2,2,1,False,False,U-Net
Vision Transformers,Unknown,2,4,3,False,False,Vision Transformers | Vision Transformers (ViTs) | vision transformers
classifier-free guidance,Unknown,2,3,2,False,False,Classifier-free guidance | classifier-free guidance
k-means++,Algorithm,2,2,1,False,False,k-means++
$\Phi$-equilibria,Unknown,1,1,1,True,False,$\Phi$-equilibria
$\Phi$-equilibrium,Unknown,1,1,1,True,False,$\Phi$-equilibrium
1-Lipschitz neural networks,Unknown,1,1,1,True,False,1-Lipschitz neural networks
1-layer linear attention,Unknown,1,1,1,True,False,1-layer linear attention
2D-CNN,Architecture,1,1,1,True,False,2D-CNN
3D-CNN,Architecture,1,1,1,True,False,3D-CNN
ABAUDITOR,Unknown,1,1,1,True,False,ABAUDITOR
ACCEL,Unknown,1,1,1,True,False,ACCEL
AFNO,Unknown,1,1,1,True,False,AFNO
AID,Unknown,1,1,1,True,False,AID
ALBert,Model,1,1,1,True,False,ALBert
APIBench,Unknown,1,1,1,True,False,APIBench
AST Sub-Tree Matching,Unknown,1,2,2,True,False,AST Sub-Tree Matching | AST sub-tree matching
Abel-002-7B,Unknown,1,1,1,True,False,Abel-002-7B
Abstract Syntax Tree,Unknown,1,1,1,True,False,Abstract Syntax Tree
Abstract Syntax Tree sub-tree matching,Unknown,1,1,1,True,False,Abstract Syntax Tree sub-tree matching
Accelerated gradient method,Unknown,1,2,2,True,False,Accelerated gradient method | accelerated gradient method
ActAnywhere,Unknown,1,1,1,True,False,ActAnywhere
Activation addition,Unknown,1,2,2,True,False,Activation addition | activation addition
Active sampling for risk control,Unknown,1,1,1,True,False,Active sampling for risk control
AdaGrad stepsizes,Optimizer,1,1,1,True,False,AdaGrad stepsizes
Adaface,Unknown,1,1,1,True,False,Adaface
Adafactor,Optimizer,1,1,1,True,False,Adafactor
Adam,Optimizer,1,1,1,True,False,Adam
Adam optimizer,Optimizer,1,1,1,True,False,Adam optimizer
Adaptive branching,Unknown,1,2,2,True,False,Adaptive branching | adaptive branching
Adaptive layer norm,Unknown,1,1,1,True,False,Adaptive layer norm
Adaptive learning algorithms,Technique,1,1,1,True,False,Adaptive learning algorithms
Advantage calibration,Unknown,1,2,2,True,False,Advantage calibration | advantage calibration
Adversarial CVaR evaluation,Unknown,1,1,1,True,False,Adversarial CVaR evaluation
Adversarial initialization,Unknown,1,2,2,True,False,Adversarial initialization | adversarial initialization
Adversarial training,Technique,1,2,2,True,False,Adversarial training | adversarial training
Algebraic circuits,Unknown,1,1,1,True,False,Algebraic circuits
Algorithmic dataset of modular arithmetic tasks,Dataset,1,1,1,True,False,Algorithmic dataset of modular arithmetic tasks
Alpaca,Model,1,1,1,True,False,Alpaca
Alpaca dataset,Dataset,1,1,1,True,False,Alpaca dataset
AlpacaEval,Dataset,1,1,1,True,False,AlpacaEval
AlphaLLM,Model,1,2,2,True,False,ALPHALLM | AlphaLLM
AlphaZero,Unknown,1,1,1,True,False,AlphaZero
Alternating Least Squares,Unknown,1,1,1,True,False,Alternating Least Squares
Alternating Least Squares algorithm,Unknown,1,2,2,True,False,Alternating Least Squares (ALS) algorithm | Alternating Least Squares algorithm
Alternating optimization,Unknown,1,2,2,True,False,Alternating optimization | alternating optimization
Amortized models,Unknown,1,1,1,True,False,Amortized models
Analogical CoT,Unknown,1,2,2,True,False,Analogical CoT | analogical CoT
AnimateDiff,Unknown,1,1,1,True,False,AnimateDiff
Anytime-valid risk controlling prediction sets,Unknown,1,1,1,True,False,Anytime-valid risk controlling prediction sets
Arcface,Unknown,1,1,1,True,False,Arcface
Assignment-then-diffusion strategy,Unknown,1,1,1,True,False,Assignment-then-diffusion strategy
Attack-aware noise calibration,Unknown,1,2,2,True,False,Attack-aware noise calibration | attack-aware noise calibration
Attention mechanism,Architecture,1,2,2,True,False,Attention mechanism | attention mechanism
Attention module,Unknown,1,1,1,True,False,Attention module
Attractor network,Unknown,1,1,1,True,False,Attractor network
Augmented Clarkson,Unknown,1,1,1,True,False,Augmented Clarkson
Augmented Clarkson algorithm,Unknown,1,1,1,True,False,Augmented Clarkson algorithm
AutoAttack,Unknown,1,1,1,True,False,AutoAttack
AutoDiff,Unknown,1,1,1,True,False,AutoDiff
Autoregressive image diffusion (AID),Unknown,1,1,1,True,False,Autoregressive image diffusion (AID)
Autoregressive image diffusion model,Architecture,1,1,1,True,False,Autoregressive image diffusion model
Autoregressive model,Architecture,1,1,1,True,False,Autoregressive model
Autoregressive models,Architecture,1,1,1,True,False,Autoregressive models
BERT,Model,1,1,1,True,False,BERT
BERT Small,Unknown,1,1,1,True,False,BERT Small
BERTScore,Unknown,1,1,1,True,False,BERTScore
BGE embeddings,Unknown,1,1,1,True,False,BGE embeddings
BM25,Unknown,1,1,1,True,False,BM25
BM25 retrieval,Unknown,1,1,1,True,False,BM25 retrieval
BPE,Unknown,1,1,1,True,False,BPE
BPE tokenizer,Unknown,1,1,1,True,False,BPE tokenizer
Back-propagation,Unknown,1,1,1,True,False,Back-propagation
Backpropagation,Unknown,1,2,2,True,False,Backpropagation | backpropagation
Banzhaf values,Unknown,1,1,1,True,False,Banzhaf values
Bayesian Causal Discovery algorithm,Unknown,1,1,1,True,False,Bayesian Causal Discovery algorithm
Bayesian approach for learning causal graphs with limited interventional samples,Technique,1,1,1,True,False,Bayesian approach for learning causal graphs with limited interventional samples
Bayesian ensemble,Unknown,1,1,1,True,False,Bayesian ensemble
Bayesian ensemble interpretation of neural networks,Unknown,1,1,1,True,False,Bayesian ensemble interpretation of neural networks
Bayesian ensembles,Unknown,1,1,1,True,False,Bayesian ensembles
Bayesian optimization,Unknown,1,1,1,True,False,Bayesian optimization
Best response dynamics,Unknown,1,1,1,True,False,Best response dynamics
Beta-fairness,Unknown,1,1,1,True,False,Beta-fairness
Binary cross entropy (BCE) loss,Unknown,1,1,1,True,False,Binary cross entropy (BCE) loss
Binary decision diagrams,Unknown,1,1,1,True,False,Binary decision diagrams
Binary relevance surrogate,Unknown,1,2,2,True,False,Binary relevance surrogate | binary relevance surrogate
Binary relevance surrogate loss,Unknown,1,1,1,True,False,Binary relevance surrogate loss
Bisimulation metrics,Unknown,1,2,2,True,False,Bisimulation metrics | bisimulation metrics
Blender,Unknown,1,1,1,True,False,Blender
Blind-prediction framework,Tool,1,1,1,True,False,Blind-prediction framework
Blind-prediction setting,Unknown,1,1,1,True,False,Blind-prediction setting
Block-martingale small-ball condition,Unknown,1,1,1,True,False,Block-martingale small-ball condition
Block-martingale-small-ball condition,Unknown,1,1,1,True,False,Block-martingale-small-ball condition
Butterfly Orthogonal Fine-Tuning,Unknown,1,2,2,True,False,Butterfly Orthogonal Fine-Tuning | Butterfly Orthogonal Fine-Tuning (BOFT)
C-bound,Unknown,1,1,1,True,False,C-bound
CASP,Unknown,1,1,1,True,False,CASP
CEBRA,Unknown,1,1,1,True,False,CEBRA
CIPHER,Unknown,1,1,1,True,False,CIPHER
CIPHER algorithm,Unknown,1,1,1,True,False,CIPHER algorithm
CLA2,Unknown,1,1,1,True,False,CLA2
CLA3,Unknown,1,1,1,True,False,CLA3
CLA4,Unknown,1,1,1,True,False,CLA4
CLIP,Model,1,1,1,True,False,CLIP
CLIP embeddings,Unknown,1,1,1,True,False,CLIP embeddings
CMA-ES,Unknown,1,1,1,True,False,CMA-ES
COGEX,Unknown,1,1,1,True,False,COGEX
COGEX dataset,Dataset,1,1,1,True,False,COGEX dataset
COMET,Unknown,1,1,1,True,False,COMET
COMET metric,Metric,1,1,1,True,False,COMET metric
COMET22,Unknown,1,1,1,True,False,COMET22
COTACS,Unknown,1,1,1,True,False,COTACS
CUGR,Unknown,1,1,1,True,False,CUGR
CVaR evaluation protocol,Unknown,1,1,1,True,False,CVaR evaluation protocol
CatBoost,Unknown,1,1,1,True,False,CatBoost
Causal attention module,Unknown,1,1,1,True,False,Causal attention module
Causal backdoor adjustment,Unknown,1,1,1,True,False,Causal backdoor adjustment
Cayley parametrization,Unknown,1,1,1,True,False,Cayley parametrization
Chat Models,Unknown,1,1,1,True,False,Chat Models
Chebyshev-Cantelli inequality,Unknown,1,1,1,True,False,Chebyshev-Cantelli inequality
Chi-Square independence test,Unknown,1,1,1,True,False,Chi-Square independence test
Clarkson algorithm,Unknown,1,1,1,True,False,Clarkson algorithm
Clarkson's algorithm,Unknown,1,1,1,True,False,Clarkson's algorithm
Class-balanced mixture method,Unknown,1,1,1,True,False,Class-balanced mixture method
Claude 3 Opus,Unknown,1,1,1,True,False,Claude 3 Opus
Claude Sonnet 3.5,Unknown,1,1,1,True,False,Claude Sonnet 3.5
Clustering,Unknown,1,1,1,True,False,Clustering
Coarse-grained Sparsity,Unknown,1,2,2,True,False,Coarse-grained Sparsity | Coarse-grained Sparsity (CSparse)
Code Llama,Unknown,1,1,1,True,False,Code Llama
CodeLlama-7b,Unknown,1,1,1,True,False,CodeLlama-7b
Comp-sum losses,Unknown,1,2,2,True,False,Comp-sum losses | comp-sum losses
Compact execution DAG,Unknown,1,1,1,True,False,Compact execution DAG
Complete linkage,Unknown,1,1,1,True,False,Complete linkage
Compositional inference framework,Tool,1,1,1,True,False,Compositional inference framework
Compositional inference framework over semirings,Tool,1,1,1,True,False,Compositional inference framework over semirings
Computational geometry tools,Unknown,1,1,1,True,False,Computational geometry tools
Computer-aided synthesis planning,Unknown,1,3,3,True,False,Computer-aided synthesis planning | Computer-aided synthesis planning (CASP) | computer-aided synthesis planning
Concept Sliders,Unknown,1,1,1,True,False,Concept Sliders
Concept signal,Unknown,1,1,1,True,False,Concept signal
Concept space framework,Tool,1,2,2,True,False,Concept space framework | concept space framework
Conditional mutual information,Unknown,1,2,2,True,False,Conditional mutual information | conditional mutual information
Conditional value at risk,Unknown,1,1,1,True,False,Conditional value at risk
Conjunctive vector-binding operation,Unknown,1,1,1,True,False,Conjunctive vector-binding operation
Conservation law for feature reuse and sparsity,Unknown,1,1,1,True,False,Conservation law for feature reuse and sparsity
Consistency Models,Unknown,1,1,1,True,False,Consistency Models
Constrained diffusion models,Architecture,1,2,2,True,False,Constrained diffusion models | constrained diffusion models
Constrained losses,Unknown,1,2,2,True,False,Constrained losses | constrained losses
Contextual Sparsity,Unknown,1,2,2,True,False,Contextual Sparsity | Contextual Sparsity (CS)
Contextual reasoning primitives,Unknown,1,1,1,True,False,Contextual reasoning primitives
Continual learning,Technique,1,1,1,True,False,Continual learning
Control flow graph (CFG),Unknown,1,1,1,True,False,Control flow graph (CFG)
ConvNeXt-V2 Nano,Unknown,1,1,1,True,False,ConvNeXt-V2 Nano
Convergent cross mapping,Unknown,1,2,2,True,False,Convergent cross mapping | Convergent cross mapping (CCM)
Convolution-based attentions,Unknown,1,1,1,True,False,Convolution-based attentions
Coordinate mirror descent,Unknown,1,2,2,True,False,Coordinate mirror descent | coordinate mirror descent
Core-sets,Unknown,1,1,1,True,False,Core-sets
Cost-robust contracts,Unknown,1,2,2,True,False,Cost-robust contracts | cost-robust contracts
Counterfactual Clamping Attack,Unknown,1,2,2,True,False,Counterfactual Clamping Attack | Counterfactual Clamping Attack (CCA)
Counterfactual Clamping loss function,Unknown,1,1,1,True,False,Counterfactual Clamping loss function
Counterfactual explanations,Unknown,1,2,2,True,False,Counterfactual explanations | counterfactual explanations
Counterfactual interventions,Unknown,1,2,2,True,False,Counterfactual interventions | counterfactual interventions
Counterintuitive exploration scheme,Unknown,1,1,1,True,False,Counterintuitive exploration scheme
Covariance Matrix Adaptation,Unknown,1,1,1,True,False,Covariance Matrix Adaptation
Cross-Layer Attention,Unknown,1,2,2,True,False,Cross-Layer Attention | Cross-Layer Attention (CLA)
Cross-view contrastive knowledge distillation,Unknown,1,2,2,True,False,Cross-view contrastive knowledge distillation | cross-view contrastive knowledge distillation
Cryptographic techniques,Unknown,1,2,2,True,False,Cryptographic techniques | cryptographic techniques
Cryptographic transformer circuits,Architecture,1,2,2,True,False,Cryptographic transformer circuits | cryptographic transformer circuits
Custom kernel for LayerNorm backward pass,Unknown,1,1,1,True,False,Custom kernel for LayerNorm backward pass
Custom kernel for computing per-example gradient norms,Unknown,1,1,1,True,False,Custom kernel for computing per-example gradient norms
Custom kernel for per-example gradient norms,Unknown,1,2,2,True,False,Custom kernel to compute per-example gradient norms | custom kernel for per-example gradient norms
DAG sampler,Unknown,1,1,1,True,False,DAG sampler
DALL-E 3,Unknown,1,1,1,True,False,DALL-E 3
DDIM,Unknown,1,1,1,True,False,DDIM
DDIM (Denoising Diffusion Implicit Model),Unknown,1,1,1,True,False,DDIM (Denoising Diffusion Implicit Model)
DESP,Unknown,1,1,1,True,False,DESP
DMQ,Unknown,1,1,1,True,False,DMQ
DP LoRA,Unknown,1,1,1,True,False,DP LoRA
DP-SGD,Optimizer,1,1,1,True,False,DP-SGD
DRC,Unknown,1,1,1,True,False,DRC
DRRG,Unknown,1,1,1,True,False,DRRG
DSKILL-MIX,Unknown,1,1,1,True,False,DSKILL-MIX
DSKILL-MIX datasets,Unknown,1,1,1,True,False,DSKILL-MIX datasets
Data Shapley,Unknown,1,1,1,True,False,Data Shapley
Data valuation,Unknown,1,1,1,True,False,Data valuation
DeGroot propagation model,Unknown,1,1,1,True,False,DeGroot propagation model
Decision trees,Unknown,1,1,1,True,False,Decision trees
Deep Gradient Compression,Unknown,1,3,3,True,False,Deep Gradient Compression | Deep gradient compression | deep gradient compression
Deep Q-networks,Unknown,1,1,1,True,False,Deep Q-networks
Deep Value Network,Unknown,1,1,1,True,False,Deep Value Network
Deep ensembles,Unknown,1,1,1,True,False,Deep ensembles
Deep learning,Technique,1,1,1,True,False,Deep learning
Deep linear models,Unknown,1,1,1,True,False,Deep linear models
Deep linear neural networks,Unknown,1,1,1,True,False,Deep linear neural networks
Degree centrality,Unknown,1,1,1,True,False,Degree centrality
Denoising diffusion probabilistic models (DDPMs),Unknown,1,1,1,True,False,Denoising diffusion probabilistic models (DDPMs)
DenseNet,Unknown,1,1,1,True,False,DenseNet
DiT,Unknown,1,1,1,True,False,DiT
DiTBlock,Unknown,1,1,1,True,False,DiTBlock
Diagonal linear networks,Unknown,1,2,2,True,False,Diagonal linear networks | diagonal linear networks
Dice loss,Unknown,1,1,1,True,False,Dice loss
Difference-in-means,Unknown,1,2,2,True,False,Difference-in-means | difference-in-means
Difference-in-means direction,Unknown,1,1,1,True,False,Difference-in-means direction
Differentiable training objective for error control,Technique,1,1,1,True,False,Differentiable training objective for error control
Differentiable training objective for error types,Technique,1,1,1,True,False,Differentiable training objective for error types
Differential privacy,Unknown,1,2,2,True,False,Differential privacy | differential privacy
Dimensionality reduction,Unknown,1,1,1,True,False,Dimensionality reduction
Direct feature attribution,Unknown,1,3,3,True,False,Direct feature attribution | Direct feature attribution (DFA) | direct feature attribution
Directed Acyclic Graphs (DAG),Unknown,1,1,1,True,False,Directed Acyclic Graphs (DAG)
Directional ablation,Unknown,1,2,2,True,False,Directional ablation | directional ablation
Dirichlet Process Mixture Model (DPMM),Unknown,1,1,1,True,False,Dirichlet Process Mixture Model (DPMM)
Disagreement upper bound,Unknown,1,1,1,True,False,Disagreement upper bound
Discrimination objective,Unknown,1,1,1,True,False,Discrimination objective
Discrimination task,Unknown,1,1,1,True,False,Discrimination task
Disentangled control conditions,Unknown,1,2,2,True,False,Disentangled control conditions | disentangled control conditions
Disentanglement loss,Unknown,1,2,2,True,False,Disentanglement loss | disentanglement loss
Distributed Alignment Search,Unknown,1,2,2,True,False,Distributed Alignment Search | Distributed Alignment Search (DAS)
Distributed Data Parallel (DDP),Unknown,1,1,1,True,False,Distributed Data Parallel (DDP)
Distributed Lion,Unknown,1,1,1,True,False,Distributed Lion
Distributed Lion-Avg,Unknown,1,1,1,True,False,Distributed Lion-Avg
Distributed Lion-MaVo,Unknown,1,1,1,True,False,Distributed Lion-MaVo
Document retriever,Unknown,1,1,1,True,False,Document retriever
Domain Randomisation,Unknown,1,1,1,True,False,Domain Randomisation
Dominating pairs,Unknown,1,1,1,True,False,Dominating pairs
Double GSOFT,Unknown,1,1,1,True,False,Double GSOFT
Double-Ended Synthesis Planning,Unknown,1,2,2,True,False,Double-Ended Synthesis Planning | Double-Ended Synthesis Planning (DESP)
Dreambooth,Unknown,1,1,1,True,False,Dreambooth
Dual training algorithm,Technique,1,2,2,True,False,Dual training algorithm | dual training algorithm
Dynamic Rescaling,Unknown,1,3,3,True,False,Dynamic Rescaling | Dynamic rescaling | dynamic rescaling
Dynamic programming Pareto front algorithm,Algorithm,1,1,1,True,False,Dynamic programming Pareto front algorithm
E-processes,Unknown,1,1,1,True,False,E-processes
E2GN2,Unknown,1,1,1,True,False,E2GN2
Efficient Method of Moments,Unknown,1,2,2,True,False,Efficient Method of Moments | efficient method of moments
Efficient randomized algorithm for finite deviations,Unknown,1,1,1,True,False,Efficient randomized algorithm for finite deviations
EfficientPhys,Unknown,1,1,1,True,False,EfficientPhys
Empirical message variance measure,Unknown,1,1,1,True,False,Empirical message variance measure
Encrypted backdoor,Unknown,1,1,1,True,False,Encrypted backdoor
Energy score,Metric,1,1,1,True,False,Energy score
Ensembling,Unknown,1,2,2,True,False,Ensembling | ensembling
Equivariant Graph Neural Networks,Architecture,1,1,1,True,False,Equivariant Graph Neural Networks
Event-based Graph Spatiotemporal Sensitive Transformer,Architecture,1,2,2,True,False,Event-based Graph Spatiotemporal Sensitive Transformer | Event-based Graph Spatiotemporal Sensitive Transformer (EGSST)
Evidence lower bound,Unknown,1,1,1,True,False,Evidence lower bound
Evidential learning,Technique,1,1,1,True,False,Evidential learning
Exact solution for training dynamics of JEPA and MAE,Technique,1,1,1,True,False,Exact solution for training dynamics of JEPA and MAE
Execution DAG,Unknown,1,1,1,True,False,Execution DAG
Execution graph,Unknown,1,1,1,True,False,Execution graph
Execution tree,Unknown,1,1,1,True,False,Execution tree
Exploration-enhanced Equivariant Graph Neural Networks,Architecture,1,1,1,True,False,Exploration-enhanced Equivariant Graph Neural Networks
Explore-then-exploit,Unknown,1,1,1,True,False,Explore-then-exploit
FAB attack,Unknown,1,1,1,True,False,FAB attack
FAISS,Unknown,1,1,1,True,False,FAISS
FCBC algorithm,Unknown,1,1,1,True,False,FCBC algorithm
FJR auditing algorithm,Unknown,1,1,1,True,False,FJR auditing algorithm
FLUTE,Unknown,1,1,1,True,False,FLUTE
FPR/FNR calibration,Unknown,1,1,1,True,False,FPR/FNR calibration
Face feature fusion,Unknown,1,1,1,True,False,Face feature fusion
Face recognition,Unknown,1,1,1,True,False,Face recognition
Factor Relaxation with Latent Coupling,Unknown,1,3,3,True,False,FRLC | Factor Relaxation with Latent Coupling | Factor Relaxation with Latent Coupling (FRLC)
Factor Relaxation with Latent Coupling algorithm,Unknown,1,1,1,True,False,Factor Relaxation with Latent Coupling algorithm
FactorizePhys,Unknown,1,1,1,True,False,FactorizePhys
Factorized Self-Attention Module,Architecture,1,2,2,True,False,Factorized Self-Attention Module | Factorized Self-Attention Module (FSAM)
FastMRI dataset,Dataset,1,1,1,True,False,FastMRI dataset
Fbeta-measure loss,Unknown,1,1,1,True,False,Fbeta-measure loss
Feature attribution,Unknown,1,1,1,True,False,Feature attribution
Fictitious play,Unknown,1,1,1,True,False,Fictitious play
Fine-grained Sparsity,Unknown,1,2,2,True,False,Fine-grained Sparsity | Fine-grained Sparsity (FSparse)
Fine-grained non-asymptotic analysis,Unknown,1,1,1,True,False,Fine-grained non-asymptotic analysis
Fine-tuning,Unknown,1,1,1,True,False,Fine-tuning
Fixed-point forward gradients training,Technique,1,1,1,True,False,Fixed-point forward gradients training
Flow equations via a stochastic-process approach,Unknown,1,1,1,True,False,Flow equations via a stochastic-process approach
Flow problems on graphs,Unknown,1,1,1,True,False,Flow problems on graphs
Flow-based adaptive reweighting algorithm,Unknown,1,1,1,True,False,Flow-based adaptive reweighting algorithm
Focal loss,Unknown,1,1,1,True,False,Focal loss
Foreground subject segmentation,Unknown,1,1,1,True,False,Foreground subject segmentation
Forward gradients,Unknown,1,2,2,True,False,Forward gradients | forward gradients
Fractal dimension,Unknown,1,2,2,True,False,Fractal dimension | fractal dimension
Framework for discovering continuous and discrete symmetry beyond the affine transformation group,Tool,1,1,1,True,False,Framework for discovering continuous and discrete symmetry beyond the affine transformation group
Fully justified representation (FJR),Unknown,1,1,1,True,False,Fully justified representation (FJR)
Fused Gromov-Wasserstein,Unknown,1,1,1,True,False,Fused Gromov-Wasserstein
Fused Gromov-Wasserstein (FGW) OT,Unknown,1,1,1,True,False,Fused Gromov-Wasserstein (FGW) OT
GATs,Unknown,1,1,1,True,False,GATs
GIN,Unknown,1,1,1,True,False,GIN
GLOW,Unknown,1,1,1,True,False,GLOW
GOLF,Unknown,1,1,1,True,False,GOLF
GPT,Model,1,1,1,True,False,GPT
GPT-3.5,Model,1,1,1,True,False,GPT-3.5
GPT-3.5-turbo,Unknown,1,1,1,True,False,GPT-3.5-turbo
GPT-4o,Unknown,1,1,1,True,False,GPT-4o
GPT-4v,Unknown,1,1,1,True,False,GPT-4v
GPT-Index,Unknown,1,1,1,True,False,GPT-Index
GPT-style transformer,Architecture,1,1,1,True,False,GPT-style transformer
GRU,Architecture,1,1,1,True,False,GRU
GS Orthogonal Convolutions,Unknown,1,1,1,True,False,GS Orthogonal Convolutions
GSOFT,Unknown,1,1,1,True,False,GSOFT
GSOFT (GS Orthogonal Fine-Tuning),Unknown,1,1,1,True,False,GSOFT (GS Orthogonal Fine-Tuning)
Gauss-Newton matrix,Unknown,1,1,1,True,False,Gauss-Newton matrix
Gaussian Processes,Unknown,1,1,1,True,False,Gaussian Processes
Gaussian kernel ridge regression,Unknown,1,2,2,True,False,Gaussian kernel ridge regression | Gaussian kernel ridge regression (KRR)
Gaussian mechanism,Unknown,1,1,1,True,False,Gaussian mechanism
Gaussian process regression (GPR),Unknown,1,1,1,True,False,Gaussian process regression (GPR)
Gaussian universality ansatz,Unknown,1,1,1,True,False,Gaussian universality ansatz
Gaussian universality theorem for linear models,Unknown,1,1,1,True,False,Gaussian universality theorem for linear models
Gemini,Model,1,1,1,True,False,Gemini
Gemini Ultra 1.5,Unknown,1,1,1,True,False,Gemini Ultra 1.5
Gemini-Pro,Unknown,1,1,1,True,False,Gemini-Pro
Generalized Method of Moments,Unknown,1,2,2,True,False,Generalized Method of Moments | generalized method of moments
Goal-Constrained Bidirectional Search,Unknown,1,1,1,True,False,Goal-Constrained Bidirectional Search
Goal-conditioned cost network,Unknown,1,2,2,True,False,Goal-conditioned cost network | goal-conditioned cost network
Google Muse,Unknown,1,1,1,True,False,Google Muse
Google Parti,Unknown,1,1,1,True,False,Google Parti
Gorilla,Model,1,1,1,True,False,Gorilla
GradDrop,Unknown,1,1,1,True,False,GradDrop
Gradient Dropping,Unknown,1,1,1,True,False,Gradient Dropping
Gradient Noise Scale (GNS),Unknown,1,2,2,True,False,Gradient Noise Scale (GNS) | Gradient noise scale
Gradient boosting,Unknown,1,2,2,True,False,Gradient boosting | gradient boosting
Gradient clipping,Unknown,1,1,1,True,False,Gradient clipping
Gradient-boosted decision trees,Unknown,1,2,2,True,False,Gradient-boosted decision trees | gradient-boosted decision trees
Gradual stacking,Unknown,1,1,1,True,False,Gradual stacking
Graph Attention Network (GAT),Unknown,1,1,1,True,False,Graph Attention Network (GAT)
Graph Attention Networks,Unknown,1,1,1,True,False,Graph Attention Networks
Graph Laplacian,Unknown,1,2,2,True,False,Graph Laplacian | graph Laplacian
Graph-based attentions,Unknown,1,1,1,True,False,Graph-based attentions
Graph-based post-processing algorithm,Unknown,1,1,1,True,False,Graph-based post-processing algorithm
GraphSage,Unknown,1,1,1,True,False,GraphSage
Greedy Capture,Algorithm,1,1,1,True,False,Greedy Capture
Greedy algorithms,Algorithm,1,1,1,True,False,Greedy algorithms
Greedy coordinate gradient (GCG),Algorithm,1,2,2,True,False,Greedy coordinate gradient (GCG) | greedy coordinate gradient
GreedyCapture,Unknown,1,1,1,True,False,GreedyCapture
GreedyCohesiveClustering,Unknown,1,1,1,True,False,GreedyCohesiveClustering
Grid resampling,Unknown,1,1,1,True,False,Grid resampling
Gromov-Wasserstein,Unknown,1,1,1,True,False,Gromov-Wasserstein
Gromov-Wasserstein (GW) OT,Unknown,1,1,1,True,False,Gromov-Wasserstein (GW) OT
Gromov-Wasserstein OT,Unknown,1,1,1,True,False,Gromov-Wasserstein OT
Group-and-Shuffle (GS) matrices,Unknown,1,1,1,True,False,Group-and-Shuffle (GS) matrices
Group-and-Shuffle matrices,Unknown,1,1,1,True,False,Group-and-Shuffle matrices
Grouped-Query Attention,Unknown,1,2,2,True,False,Grouped-Query Attention | Grouped-Query Attention (GQA)
Gumbel-Softmax,Unknown,1,1,1,True,False,Gumbel-Softmax
H-consistency bounds,Unknown,1,1,1,True,False,H-consistency bounds
H3 architecture,Unknown,1,2,2,True,False,H3 | H3 architecture
H3 state-space model,Architecture,1,1,1,True,False,H3 state-space model
Hamburger module,Unknown,1,1,1,True,False,Hamburger module
Hamming loss,Unknown,1,1,1,True,False,Hamming loss
Hard-margin multiclass SVM,Unknown,1,1,1,True,False,Hard-margin multiclass SVM
Hebbian learning,Technique,1,1,1,True,False,Hebbian learning
Hedge algorithm,Unknown,1,1,1,True,False,Hedge algorithm
Higher order MPNNs,Unknown,1,1,1,True,False,Higher order MPNNs
Hopfield network,Unknown,1,1,1,True,False,Hopfield network
HuggingFace API,Unknown,1,1,1,True,False,HuggingFace API
Hungarian algorithm,Unknown,1,1,1,True,False,Hungarian algorithm
Hutchinson trace estimator,Unknown,1,1,1,True,False,Hutchinson trace estimator
Hybrid system combining LLMs and rule-based reasoning,Unknown,1,2,2,True,False,Hybrid system combining LLMs and rule-based reasoning | hybrid system combining LLMs and rule-based reasoning
Imagination-searching-criticizing framework,Tool,1,2,2,True,False,Imagination-searching-criticizing framework | imagination-searching-criticizing framework
Immiscible Diffusion,Unknown,1,1,1,True,False,Immiscible Diffusion
Implicit bias analysis of deep linear models,Unknown,1,1,1,True,False,Implicit bias analysis of deep linear models
In-context prompting,Unknown,1,2,2,True,False,In-context prompting | in-context prompting
Independent Belief Updating,Unknown,1,1,1,True,False,Independent Belief Updating
Independent Cascade (IC) model,Unknown,1,1,1,True,False,Independent Cascade (IC) model
Independent Cascade model,Unknown,1,1,1,True,False,Independent Cascade model
Inference attacks,Unknown,1,1,1,True,False,Inference attacks
Input pre-processing technique,Unknown,1,2,2,True,False,Input pre-processing technique | input pre-processing technique
Input space margins,Unknown,1,2,2,True,False,Input space margins | input space margin
Integral Probability Metric (IPM),Metric,1,1,1,True,False,Integral Probability Metric (IPM)
Invariant Function Extended Feature Matrix,Unknown,1,1,1,True,False,Invariant Function Extended Feature Matrix
Iterative self-reflection feedback loop,Unknown,1,2,2,True,False,Feedback loop for iterative self-reflection | iterative self-reflection feedback loop
Iteratively reweighted least squares,Unknown,1,2,2,True,False,Iteratively reweighted least squares | Iteratively reweighted least squares (IRLS)
Iteratively reweighted least squares variant,Unknown,1,1,1,True,False,Iteratively reweighted least squares variant
JB-CO-Task,Unknown,1,1,1,True,False,JB-CO-Task
JB-CO-Text,Unknown,1,1,1,True,False,JB-CO-Text
JB-MisGen,Unknown,1,1,1,True,False,JB-MisGen
Joint Embedding Predictive Architecture (JEPA),Unknown,1,1,1,True,False,Joint Embedding Predictive Architecture (JEPA)
Joint Embedding Predictive Architectures,Unknown,1,1,1,True,False,Joint Embedding Predictive Architectures
Kernel Density Estimator (KDE),Unknown,1,1,1,True,False,Kernel Density Estimator (KDE)
KernelSHAP,Unknown,1,1,1,True,False,KernelSHAP
Knowledge compilation,Unknown,1,1,1,True,False,Knowledge compilation
Kozachenko-Leonenko estimator (WKL),Unknown,1,1,1,True,False,Kozachenko-Leonenko estimator (WKL)
Kullback-Leibler divergence,Unknown,1,1,1,True,False,Kullback-Leibler divergence
LACIE,Unknown,1,1,1,True,False,LACIE
LACIE listener-aware finetuning method,Unknown,1,1,1,True,False,LACIE listener-aware finetuning method
LC-Projection,Unknown,1,1,1,True,False,LC-Projection
LIME,Unknown,1,1,1,True,False,LIME
LLM-as-a-judge,Model,1,1,1,True,False,LLM-as-a-judge
LLaMA-2-13B-Chat,Unknown,1,1,1,True,False,LLaMA-2-13B-Chat
LLaMA-7B,Unknown,1,1,1,True,False,LLaMA-7B
LPIPS loss,Unknown,1,1,1,True,False,LPIPS loss
LSTM,Architecture,1,1,1,True,False,LSTM
LZW tokenizer,Unknown,1,1,1,True,False,LZW tokenizer
Label-specific representation learning,Technique,1,1,1,True,False,Label-specific representation learning
Lagrangian multipliers,Unknown,1,1,1,True,False,Lagrangian multipliers
Latent Preference Induction,Unknown,1,2,2,True,False,Latent Preference Induction | Latent Preference Induction (LPI)
Latent adversarial training (LAT),Technique,1,2,2,True,False,Latent adversarial training (LAT) | latent adversarial training
Latent coupling (LC) factorization,Unknown,1,1,1,True,False,Latent coupling (LC) factorization
Latent coupling factorization,Unknown,1,2,2,True,False,Latent coupling factorization | latent coupling factorization
Latent intervention,Unknown,1,1,1,True,False,Latent intervention
Latent space group action model,Unknown,1,1,1,True,False,Latent space group action model
Latent variable graphical models,Unknown,1,3,3,True,False,Latent variable graphical model | Latent variable graphical models | latent variable graphical model
Latent variable models,Unknown,1,1,1,True,False,Latent variable models
Latent video diffusion models,Architecture,1,1,1,True,False,Latent video diffusion models
LayerNorm,Unknown,1,1,1,True,False,LayerNorm
Learnability-based training,Technique,1,1,1,True,False,Learnability-based training
Learning from AI Feedback,Technique,1,3,3,True,False,Learning from AI Feedback | Learning from AI feedback | Learning from AI feedback (LAIF)
Least squares objective,Unknown,1,1,1,True,False,Least squares objective
Least-squares estimation,Unknown,1,2,2,True,False,Least-squares estimation | least-squares estimation
Level set estimation,Unknown,1,1,1,True,False,Level set estimation
Levenshtein edit distance,Unknown,1,1,1,True,False,Levenshtein edit distance
Lewis games,Unknown,1,1,1,True,False,Lewis games
LieGAN,Unknown,1,1,1,True,False,LieGAN
LightGBM,Unknown,1,1,1,True,False,LightGBM
Lindeberg approach,Unknown,1,1,1,True,False,Lindeberg approach
Linear Vision Transformer,Architecture,1,2,2,True,False,Linear Vision Transformer | Linear Vision Transformer (LViT)
Linear attention,Unknown,1,2,2,True,False,Linear attention | linear attention
Linear function approximation,Unknown,1,1,1,True,False,Linear function approximation
Linear regression,Unknown,1,1,1,True,False,Linear regression
Linear regression decoder,Unknown,1,1,1,True,False,Linear regression decoder
Linkage-based clustering,Unknown,1,1,1,True,False,Linkage-based clustering
Lion optimizer,Optimizer,1,1,1,True,False,Lion optimizer
Listener-Aware Calibration for Implicit and Explicit confidence (LACIE),Unknown,1,1,1,True,False,Listener-Aware Calibration for Implicit and Explicit confidence (LACIE)
Listener-aware finetuning,Unknown,1,1,1,True,False,Listener-aware finetuning
Littlestone dimension,Unknown,1,1,1,True,False,Littlestone dimension
Llama2,Model,1,1,1,True,False,Llama2
Llama3-70B,Unknown,1,1,1,True,False,Llama3-70B
Llama3-8B,Unknown,1,1,1,True,False,Llama3-8B
Llava 1.5,Unknown,1,1,1,True,False,Llava 1.5
Local simulator access,Unknown,1,2,2,True,False,Local simulator access | local simulator access
Logit Pairing,Unknown,1,1,1,True,False,Logit Pairing
Logit margins,Unknown,1,2,2,True,False,Logit margins | logit margin
Looped models,Unknown,1,1,1,True,False,Looped models
Loss upweighting,Unknown,1,2,2,True,False,Loss upweighting | loss upweighting
Low-Rank Matrix Completion Approximation,Unknown,1,1,1,True,False,Low-Rank Matrix Completion Approximation
MART,Unknown,1,1,1,True,False,MART
MIDAS,Unknown,1,1,1,True,False,MIDAS
MIENF estimator,Unknown,1,1,1,True,False,MIENF estimator
MPE,Unknown,1,1,1,True,False,MPE
MPI,Unknown,1,1,1,True,False,MPI
MPNET,Unknown,1,1,1,True,False,MPNET
MPR optimization algorithms,Unknown,1,1,1,True,False,MPR optimization algorithms
MRI reconstruction,Unknown,1,1,1,True,False,MRI reconstruction
MTCNN,Unknown,1,1,1,True,False,MTCNN
Machine unlearning,Unknown,1,2,2,True,False,Machine unlearning | machine unlearning
Majority vote,Unknown,1,1,1,True,False,Majority vote
Majority vote aggregation,Unknown,1,2,2,True,False,Majority vote aggregation | majority vote aggregation
Majority vote strategies,Unknown,1,1,1,True,False,Majority vote strategies
Margin consistency,Unknown,1,2,2,True,False,Margin consistency | margin consistency
Marginal MAP,Unknown,1,1,1,True,False,Marginal MAP
Markov Chain Monte Carlo (MCMC),Algorithm,1,1,1,True,False,Markov Chain Monte Carlo (MCMC)
Markov's inequality,Unknown,1,1,1,True,False,Markov's inequality
Mask R-CNN,Architecture,1,1,1,True,False,Mask R-CNN
Masked Auto Encoder,Unknown,1,1,1,True,False,Masked Auto Encoder
Masked AutoEncoder (MAE),Unknown,1,1,1,True,False,Masked AutoEncoder (MAE)
Matrix completion for MBR approximation,Unknown,1,1,1,True,False,Matrix completion for MBR approximation
Matrix completion for MBR decoding,Unknown,1,1,1,True,False,Matrix completion for MBR decoding
MatrixIRLS,Unknown,1,1,1,True,False,MatrixIRLS
Maximal Marginal Relevance (MMR),Unknown,1,1,1,True,False,Maximal Marginal Relevance (MMR)
Maximum Mean Discrepancy (MMD),Unknown,1,1,1,True,False,Maximum Mean Discrepancy (MMD)
Maximum Monte Carlo,Algorithm,1,1,1,True,False,Maximum Monte Carlo
Mechanistic analysis of grokking and algorithmic shifts in skill composition,Unknown,1,1,1,True,False,Mechanistic analysis of grokking and algorithmic shifts in skill composition
Mechanistic explanation for SFT vs LAIF,Unknown,1,1,1,True,False,Mechanistic explanation for SFT vs LAIF
Median linkage,Unknown,1,1,1,True,False,Median linkage
Meek Rules,Unknown,1,1,1,True,False,Meek Rules
Memory footprint reduction algorithms,Unknown,1,1,1,True,False,Memory footprint reduction algorithms
Message Passing Neural Networks,Unknown,1,2,2,True,False,Message Passing Neural Networks | message passing neural networks
Meta-learned plasticity rules,Unknown,1,1,1,True,False,Meta-learned plasticity rules
Meta-learning,Technique,1,2,2,True,False,Meta-learning | meta-learning
Method for learning group actions on the latent space,Technique,1,1,1,True,False,Method for learning group actions on the latent space
MetricX,Unknown,1,1,1,True,False,MetricX
Metropolis sampling,Unknown,1,1,1,True,False,Metropolis sampling
Mini-batch upsampling,Unknown,1,2,2,True,False,Mini-batch upsampling | mini-batch upsampling
Minimal Subgraph Propagator,Unknown,1,2,2,True,False,Minimal Subgraph Propagator | Minimal Subgraph Propagator (MSP)
Minimum Bayes Risk decoding,Unknown,1,2,2,True,False,Minimum Bayes Risk (MBR) decoding | Minimum Bayes Risk decoding
Minimum Cost Counterfactuals (MCCF),Unknown,1,1,1,True,False,Minimum Cost Counterfactuals (MCCF)
Minimum norm interpolating solutions,Unknown,1,2,2,True,False,Minimum norm interpolating solutions | minimum norm interpolating solutions
Mirror Sinkhorn,Algorithm,1,1,1,True,False,Mirror Sinkhorn
Mistral-7B-Instruct-v0.2,Unknown,1,1,1,True,False,Mistral-7B-Instruct-v0.2
Mixture-of-experts,Architecture,1,1,1,True,False,Mixture-of-experts
MobileNet,Unknown,1,1,1,True,False,MobileNet
Modular Regression,Unknown,1,1,1,True,False,Modular Regression
Modular attractor network,Unknown,1,1,1,True,False,Modular attractor network
Moment Matching Distillation,Unknown,1,2,2,True,False,Moment Matching Distillation | moment matching distillation
Monarch matrices,Unknown,1,1,1,True,False,Monarch matrices
Monte Carlo integration,Algorithm,1,1,1,True,False,Monte Carlo integration
Monte Carlo sample,Algorithm,1,1,1,True,False,Monte Carlo sample
Monte Carlo sampling,Algorithm,1,1,1,True,False,Monte Carlo sampling
Multi-Group Optimized Proportional Retrieval (MOPR),Unknown,1,1,1,True,False,Multi-Group Optimized Proportional Retrieval (MOPR)
Multi-Group Optimized Proportional Retrieval (MOPR) algorithm,Unknown,1,1,1,True,False,Multi-Group Optimized Proportional Retrieval (MOPR) algorithm
Multi-Group Proportional Representation,Unknown,1,2,2,True,False,Multi-Group Proportional Representation | Multi-Group Proportional Representation (MPR)
Multi-Group Proportional Representation (MPR) metric,Metric,1,1,1,True,False,Multi-Group Proportional Representation (MPR) metric
Multi-Head Attention,Architecture,1,2,2,True,False,Multi-Head Attention | Multi-Head Attention (MHA)
Multi-Query Attention,Unknown,1,2,2,True,False,Multi-Query Attention | Multi-Query Attention (MQA)
Multi-label comp-sum losses,Unknown,1,2,2,True,False,Multi-label comp-sum losses | multi-label comp-sum losses
Multi-label constrained losses,Unknown,1,2,2,True,False,Multi-label constrained losses | multi-label constrained losses
Multi-label logistic loss,Unknown,1,2,2,True,False,Multi-label logistic loss | multi-label logistic loss
Multi-task learning,Technique,1,3,3,True,False,Multi-task learning | Multi-task learning (MTL) | multi-task learning
Multiclass SVM,Unknown,1,1,1,True,False,Multiclass SVM
Multiclass exponential tail property,Unknown,1,1,1,True,False,Multiclass exponential tail property
Multiclass extension of the exponential tail property,Unknown,1,2,2,True,False,Multiclass extension of the exponential tail property | multiclass extension of the exponential tail property
Multihead Attention (MHA),Unknown,1,1,1,True,False,Multihead Attention (MHA)
Multirocket transform,Unknown,1,1,1,True,False,Multirocket transform
Mutual fairness,Unknown,1,2,2,True,False,Mutual fairness | mutual fairness
Mutual information estimation,Unknown,1,1,1,True,False,Mutual information estimation
N-MIENF,Unknown,1,1,1,True,False,N-MIENF
NAO,Unknown,1,1,1,True,False,NAO
NP-complete verification backdoor,Unknown,1,1,1,True,False,NP-complete verification backdoor
NTE posterior update rule,Unknown,1,1,1,True,False,NTE posterior update rule
Naive inference module,Unknown,1,1,1,True,False,Naive inference module
Named Entity Recognition,Unknown,1,1,1,True,False,NER
Nearest neighbor Kraskov-Stoegbauer-Grassberger (KSG),Unknown,1,1,1,True,False,Nearest neighbor Kraskov-Stoegbauer-Grassberger (KSG)
Nearest neighbor kernel smoothing,Unknown,1,2,2,True,False,Nearest neighbor kernel smoothing | nearest neighbor kernel smoothing
Negation normal forms (NNF),Unknown,1,1,1,True,False,Negation normal forms (NNF)
Nested feature selection regime,Unknown,1,1,1,True,False,Nested feature selection regime
Net augmented graph (NAG),Unknown,1,1,1,True,False,Net augmented graph (NAG)
Neural Embeddings Rank,Unknown,1,2,2,True,False,Neural Embeddings Rank | Neural Embeddings Rank (NER)
Neural ODEs,Unknown,1,1,1,True,False,Neural ODEs
Neural Tangent Ensemble,Unknown,1,2,2,True,False,Neural Tangent Ensemble | Neural Tangent Ensemble (NTE)
Neural Tangent Kernel,Unknown,1,2,2,True,False,Neural Tangent Kernel | Neural Tangent Kernel (NTK)
Neural operators,Unknown,1,2,2,True,False,Neural operators | Neural operators (NOs)
Neural polarization law,Unknown,1,2,2,True,False,Neural polarization law | neural polarization law
Neural tangent experts,Unknown,1,2,2,True,False,Neural tangent experts | neural tangent experts
NeuralSteiner,Unknown,1,1,1,True,False,NeuralSteiner
Next-token prediction,Unknown,1,2,2,True,False,Next-token prediction | Next-token prediction (NTP)
Noisy Reward Machine Environment,Unknown,1,1,1,True,False,Noisy Reward Machine Environment
Noisy replicate padding,Unknown,1,1,1,True,False,Noisy replicate padding
Non-asymptotic convergence rates,Unknown,1,2,2,True,False,Non-asymptotic convergence rates | non-asymptotic convergence rates
Non-convex rank minimization,Unknown,1,1,1,True,False,Non-convex rank minimization
Non-linear perceptron,Unknown,1,1,1,True,False,Non-linear perceptron
Nonlinear Modeling Error matrix,Unknown,1,1,1,True,False,Nonlinear Modeling Error matrix
Nonlocal Attention Operator,Unknown,1,2,2,True,False,Nonlocal Attention Operator | Nonlocal Attention Operator (NAO)
Nonnegative matrix factorization,Unknown,1,3,3,True,False,Nonnegative matrix factorization | Nonnegative matrix factorization (NMF) | nonnegative matrix factorization
Normalized gradient descent,Unknown,1,1,1,True,False,Normalized gradient descent
Normalizing flows based mutual information estimators,Architecture,1,1,1,True,False,Normalizing flows based mutual information estimators
Normative model for spatial representation,Unknown,1,1,1,True,False,Normative model for spatial representation
Normative model for spatial representation using residue number system,Unknown,1,1,1,True,False,Normative model for spatial representation using residue number system
Numerical estimation,Unknown,1,2,2,True,False,Numerical estimation | numerical estimation
OPRO,Unknown,1,1,1,True,False,OPRO
OPTO,Unknown,1,1,1,True,False,OPTO
Oja's rule,Unknown,1,1,1,True,False,Oja's rule
One-step retrosynthesis models,Unknown,1,2,2,True,False,One-step retrosynthesis models | one-step retrosynthesis models
Online Gradient Descent,Unknown,1,1,1,True,False,Online Gradient Descent
Optimal composite hypothesis tests,Unknown,1,1,1,True,False,Optimal composite hypothesis tests
Optimistic Gradient,Unknown,1,1,1,True,False,Optimistic Gradient
Optimization with Trace Oracle,Unknown,1,2,2,True,False,Optimization with Trace Oracle | Optimization with Trace Oracle (OPTO)
Option-level MCTS formulation,Algorithm,1,1,1,True,False,Option-level MCTS formulation
OptoPrime,Unknown,1,1,1,True,False,OptoPrime
Orthogonal Fine-Tuning,Unknown,1,2,2,True,False,Orthogonal Fine-Tuning | Orthogonal Fine-Tuning (OFT)
Orthogonal Procrustes analysis,Unknown,1,1,1,True,False,Orthogonal Procrustes analysis
Orthogonal convolutions,Unknown,1,2,2,True,False,Orthogonal convolutions | orthogonal convolutions
Orthogonal finetuning,Unknown,1,2,2,True,False,Orthogonal finetuning | orthogonal finetuning
Outcome Reward Model,Unknown,1,2,2,True,False,Outcome Reward Model | Outcome reward model (ORM)
Output-sensitive algorithm,Unknown,1,1,1,True,False,Output-sensitive algorithm
Output-sensitive cell enumeration,Unknown,1,1,1,True,False,Output-sensitive cell enumeration
Output-sensitive partition search,Unknown,1,1,1,True,False,Output-sensitive partition search
P-tensors,Unknown,1,1,1,True,False,P-tensors
PAC-Bayes bound,Unknown,1,1,1,True,False,PAC-Bayes bound
PAC-Bayes bound for multiple errors,Unknown,1,1,1,True,False,PAC-Bayes bound for multiple errors
PAC-Bayes generalisation bounds,Unknown,1,1,1,True,False,PAC-Bayes generalisation bounds
PBLD embeddings,Unknown,1,1,1,True,False,PBLD embeddings
PC algorithm,Unknown,1,1,1,True,False,PC algorithm
PHATE,Unknown,1,1,1,True,False,PHATE
PMBR,Unknown,1,1,1,True,False,PMBR
PMBR decoding,Unknown,1,1,1,True,False,PMBR decoding
PRELUDE,Unknown,1,1,1,True,False,PRELUDE
PRELUDE framework,Tool,1,1,1,True,False,PRELUDE framework
PaLM8B,Unknown,1,1,1,True,False,PaLM8B
Paley-Zygmund Petrov inequality,Unknown,1,1,1,True,False,Paley-Zygmund Petrov inequality
Parameter-space moment matching,Unknown,1,2,2,True,False,Parameter-space moment matching | parameter-space moment matching
Pareto front tracing algorithm,Unknown,1,1,1,True,False,Pareto front tracing algorithm
Partially Observable Markov Decision Process,Unknown,1,1,1,True,False,Partially Observable Markov Decision Process
Partially observable Markov decision processes,Unknown,1,2,2,True,False,POMDP | Partially observable Markov decision processes
Pattern classes,Unknown,1,1,1,True,False,Pattern classes
Pay-for-performance contract framework,Tool,1,1,1,True,False,Pay-for-performance contract framework
Penalty SAM (PSAM),Unknown,1,1,1,True,False,Penalty SAM (PSAM)
Per-example gradient norms,Unknown,1,1,1,True,False,Per-example gradient norms
Perfect Regret,Unknown,1,1,1,True,False,Perfect Regret
Permutation Equivariant and Relative Margin-based losses,Unknown,1,2,2,True,False,PERM losses | Permutation Equivariant and Relative Margin-based losses
Permutation sampling,Unknown,1,1,1,True,False,Permutation sampling
Persistent homology dimension,Unknown,1,2,2,True,False,Persistent homology dimension | persistent homology dimension
Phi-equilibria,Unknown,1,1,1,True,False,Phi-equilibria
Pipeline loss,Unknown,1,2,2,True,False,Pipeline loss | pipeline loss
Pointer Execution Reverse Multicount (PERM) task,Unknown,1,1,1,True,False,Pointer Execution Reverse Multicount (PERM) task
Pointer Execution Reverse Multicount task,Unknown,1,1,1,True,False,Pointer Execution Reverse Multicount task
Pointer Execution's neighbor task,Unknown,1,1,1,True,False,Pointer Execution's neighbor task
Pointer Execution’s neighbor (PEN) task,Unknown,1,1,1,True,False,Pointer Execution’s neighbor (PEN) task
Polarization,Unknown,1,2,2,True,False,Polarization | polarization
Polarization of an ensemble,Unknown,1,1,1,True,False,Polarization of an ensemble
Polynomial regression,Unknown,1,1,1,True,False,Polynomial regression
Polynomial-time algorithm for fixed centers,Unknown,1,1,1,True,False,Polynomial-time algorithm for fixed centers
Pooling,Unknown,1,1,1,True,False,Pooling
Positive Value Loss,Unknown,1,1,1,True,False,Positive Value Loss
Post-Hoc Bias Mitigation (PBM),Unknown,1,1,1,True,False,Post-Hoc Bias Mitigation (PBM)
Pre-computed features,Unknown,1,1,1,True,False,Pre-computed features
Preconditioned gradient descent,Unknown,1,3,3,True,False,Preconditioned gradient descent | Preconditioned gradient descent (PGD) | preconditioned gradient descent
Preference optimization,Unknown,1,1,1,True,False,Preference optimization
Pretrained models,Unknown,1,1,1,True,False,Pretrained models
Pretraining,Unknown,1,1,1,True,False,Pretraining
Pretraining and finetuning,Unknown,1,2,2,True,False,Pretraining and finetuning | pretraining and finetuning
Pretraining and finetuning (PT+FT),Unknown,1,1,1,True,False,Pretraining and finetuning (PT+FT)
Principal-agent game,Unknown,1,1,1,True,False,Principal-agent game
Prioritised Level Replay,Unknown,1,1,1,True,False,Prioritised Level Replay
Privacy loss random variables (PLRVs),Unknown,1,1,1,True,False,Privacy loss random variables (PLRVs)
Probabilistic Context-free Grammars,Unknown,1,1,1,True,False,Probabilistic Context-free Grammars
Probabilistic answer set programming inference,Unknown,1,1,1,True,False,Probabilistic answer set programming inference
Probabilistic circuits,Unknown,1,1,1,True,False,Probabilistic circuits
Probabilistic logic programming,Unknown,1,1,1,True,False,Probabilistic logic programming
Process Reward Model,Unknown,1,2,2,True,False,Process Reward Model | Process reward model (PRM)
Progressive stacking,Unknown,1,1,1,True,False,Progressive stacking
ProtoNets,Unknown,1,1,1,True,False,ProtoNets
Proxy-based sparse expert selection and pooling,Unknown,1,1,1,True,False,Proxy-based sparse expert selection and pooling
ProxyFusion,Unknown,1,1,1,True,False,ProxyFusion
Pseudo-margin,Unknown,1,2,2,True,False,Pseudo-margin | pseudo-margin
Pseudo-programs,Unknown,1,2,2,True,False,Pseudo-programs | pseudo-programs
PyTorch,Framework,1,1,1,True,False,PyTorch
Python sympy,Unknown,1,2,2,True,False,Python sympy | python sympy
Q-learning,Technique,1,1,1,True,False,Q-learning
QB-Vine,Unknown,1,1,1,True,False,QB-Vine
QLoRA,Unknown,1,1,1,True,False,QLoRA
QZO-FF,Unknown,1,1,1,True,False,QZO-FF
QZO-FF enhancement,Unknown,1,1,1,True,False,QZO-FF enhancement
Quantized assignment,Unknown,1,1,1,True,False,Quantized assignment
Quantized forward gradient learning,Technique,1,2,2,True,False,Quantized forward gradient learning | quantized forward gradient learning
Quantized training,Technique,1,2,2,True,False,Quantized training | quantized training
Quasi-Bayesian Vine,Unknown,1,2,2,True,False,Quasi-Bayesian Vine | Quasi-Bayesian Vine (QB-Vine)
Quasi-Bayesian methods,Unknown,1,1,1,True,False,Quasi-Bayesian methods
REINFORCE,Algorithm,1,1,1,True,False,REINFORCE
REINFORCE policy-gradient rule,Algorithm,1,1,1,True,False,REINFORCE policy-gradient rule
RL-based centralized dynamic planning framework,Tool,1,1,1,True,False,RL-based centralized dynamic planning framework
RMSNorm,Unknown,1,1,1,True,False,RMSNorm
RSA model,Unknown,1,1,1,True,False,RSA model
Rademacher complexity,Unknown,1,1,1,True,False,Rademacher complexity
Ranking algorithm,Unknown,1,2,2,True,False,Ranking algorithm | ranking algorithm
Ratio Matching,Unknown,1,1,1,True,False,Ratio Matching
ReAct-CoT,Unknown,1,1,1,True,False,ReAct-CoT
ReLU networks,Unknown,1,1,1,True,False,ReLU networks
Real NVP,Unknown,1,1,1,True,False,Real NVP
RealMLP,Unknown,1,1,1,True,False,RealMLP
RealMLP-TD,Unknown,1,1,1,True,False,RealMLP-TD
RealMLP-TD-S,Unknown,1,1,1,True,False,RealMLP-TD-S
RealTabR-D,Unknown,1,1,1,True,False,RealTabR-D
Reasoning primitives,Unknown,1,1,1,True,False,Reasoning primitives
Reconstruction objective,Unknown,1,1,1,True,False,Reconstruction objective
Reconstruction task,Unknown,1,1,1,True,False,Reconstruction task
Rectilinear Steiner tree generation,Unknown,1,1,1,True,False,Rectilinear Steiner tree generation
Recurrent crisscross attention (RCCA),Unknown,1,1,1,True,False,Recurrent crisscross attention (RCCA)
Recurrent neural networks,Unknown,1,2,2,True,False,Recurrent neural network (RNN) | Recurrent neural networks
Recursive Bayesian Predictive (R-BP),Unknown,1,1,1,True,False,Recursive Bayesian Predictive (R-BP)
Recursive Value Function Search,Algorithm,1,2,2,True,False,RVFS | Recursive Value Function Search
Refusal direction extraction,Unknown,1,1,1,True,False,Refusal direction extraction
Regret testing algorithm,Unknown,1,1,1,True,False,Regret testing algorithm
Reinforcement learning from human feedback,Technique,1,2,2,True,False,Reinforcement learning from human feedback | Reinforcement learning from human feedback (RLHF)
Relational match-to-sample,Unknown,1,2,2,True,False,Relational match-to-sample | relational match-to-sample
Relational match-to-sample (RMTS) task,Unknown,1,1,1,True,False,Relational match-to-sample (RMTS) task
Relative Gradients Balancing,Unknown,1,1,1,True,False,Relative Gradients Balancing
ResNet50,Unknown,1,1,1,True,False,ResNet50
Residual Quantization,Unknown,1,1,1,True,False,Residual Quantization
Residue number system,Unknown,1,2,2,True,False,Residue number system | Residue number system (RNS)
Restricted isometry property (RIP),Unknown,1,1,1,True,False,Restricted isometry property (RIP)
Restricted isometry property on a tangent space,Unknown,1,1,1,True,False,Restricted isometry property on a tangent space
RetinaFace,Unknown,1,1,1,True,False,RetinaFace
Retrieval augmented generation,Unknown,1,2,2,True,False,Retrieval augmented generation | retrieval augmented generation
Retriever-Aware Training,Technique,1,5,5,True,True,RAT | Retriever Aware Training | Retriever Aware Training (RAT) | Retriever-Aware Training | Retriever-Aware Training (RAT)
Reward Machines,Unknown,1,1,1,True,False,Reward Machines
Ridge regression,Unknown,1,2,2,True,False,Ridge regression | ridge regression
Riemannian stochastic gradient descent,Unknown,1,1,1,True,False,Riemannian stochastic gradient descent
Risk controlling prediction set (RCPS),Unknown,1,1,1,True,False,Risk controlling prediction set (RCPS)
RobustScaler,Unknown,1,1,1,True,False,RobustScaler
Rotary Positional Embedding,Unknown,1,2,2,True,False,Rotary Positional Embedding | Rotary Positional Embedding (RoPE)
Rotary position embeddings,Unknown,1,1,1,True,False,Rotary position embeddings
Rule-based reasoning,Unknown,1,2,2,True,False,Rule-based reasoning | rule-based reasoning
SAFEOPT,Unknown,1,1,1,True,False,SAFEOPT
SEGNN,Unknown,1,1,1,True,False,SEGNN
SHA-256,Unknown,1,1,1,True,False,SHA-256
SIRIUS,Unknown,1,1,1,True,False,SIRIUS
SIRIUS correction mechanism,Unknown,1,1,1,True,False,SIRIUS correction mechanism
SKILL-MIX,Unknown,1,2,2,True,False,SKILL-MIX | Skill-Mix
SKILL-MIX evaluation,Unknown,1,2,2,True,False,SKILL-MIX evaluation | Skill-Mix evaluation
SMACv2,Unknown,1,1,1,True,False,SMACv2
SMOOTHIE,Unknown,1,2,2,True,False,SMOOTHIE | Smoothie
SMOOTHIE-GLOBAL,Unknown,1,1,1,True,False,SMOOTHIE-GLOBAL
SMOOTHIE-LOCAL,Unknown,1,1,1,True,False,SMOOTHIE-LOCAL
SMOOTHIE-TRAIN,Unknown,1,1,1,True,False,SMOOTHIE-TRAIN
SVRG,Unknown,1,1,1,True,False,SVRG
SVRG-type variance reduction,Unknown,1,1,1,True,False,SVRG-type variance reduction
Sampling For Learnability,Unknown,1,1,1,True,False,Sampling For Learnability
Satisficing paths,Unknown,1,2,2,True,False,Satisficing paths | satisficing paths
Satisficing paths to equilibrium,Unknown,1,1,1,True,False,Satisficing paths to equilibrium
ScatterNet,Unknown,1,1,1,True,False,ScatterNet
Scene description benchmark,Dataset,1,2,2,True,False,Scene description benchmark | scene description benchmark
Schur Nets,Unknown,1,1,1,True,False,Schur Nets
Schur layers,Unknown,1,1,1,True,False,Schur layers
Self-attention,Architecture,1,1,1,True,False,Self-attention
Self-distillation,Unknown,1,1,1,True,False,Self-distillation
Self-instruct,Unknown,1,2,2,True,False,Self-instruct | self-instruct
Semantic consistency,Unknown,1,1,1,True,False,Semantic consistency
Sensory-cognitive models,Unknown,1,1,1,True,False,Sensory-cognitive models
Sensory-cognitive models utilizing naturalistic stimuli,Unknown,1,1,1,True,False,Sensory-cognitive models utilizing naturalistic stimuli
SentenceBERT,Unknown,1,1,1,True,False,SentenceBERT
SentenceBERT embeddings,Unknown,1,1,1,True,False,SentenceBERT embeddings
Set-membership estimation,Unknown,1,2,2,True,False,Set-membership estimation | set-membership estimation
Shapley values,Unknown,1,1,1,True,False,Shapley values
Sharpness aware minimization (SAM),Unknown,1,1,1,True,False,Sharpness aware minimization (SAM)
Sharpness-Aware Minimization,Unknown,1,1,1,True,False,Sharpness-Aware Minimization
Short-flat decomposition framework,Tool,1,2,2,True,False,Short-flat decomposition framework | short-flat decomposition framework
SimGolf,Unknown,1,1,1,True,False,SimGolf
SimpleShot,Unknown,1,1,1,True,False,SimpleShot
Simplex method,Unknown,1,1,1,True,False,Simplex method
Single linkage,Unknown,1,1,1,True,False,Single linkage
Single-hidden-layer ReLU networks,Unknown,1,1,1,True,False,Single-hidden-layer ReLU networks
Singular value decomposition,Unknown,1,1,1,True,False,Singular value decomposition
Sinkhorn Policy Iteration,Algorithm,1,1,1,True,False,Sinkhorn Policy Iteration
Sinkhorn Value Iteration,Algorithm,1,1,1,True,False,Sinkhorn Value Iteration
Skew orthogonal convolution (SOC),Unknown,1,1,1,True,False,Skew orthogonal convolution (SOC)
Sklar's theorem,Unknown,1,1,1,True,False,Sklar's theorem
Sklar’s theorem,Unknown,1,1,1,True,False,Sklar’s theorem
Slither,Unknown,1,1,1,True,False,Slither
Sparse expert selection,Unknown,1,1,1,True,False,Sparse expert selection
Spatial meaningfulness,Unknown,1,1,1,True,False,Spatial meaningfulness
Spatial meaningfulness framework,Tool,1,1,1,True,False,Spatial meaningfulness framework
Spatio-temporal kernel,Unknown,1,2,2,True,False,Spatio-temporal kernel | spatio-temporal kernel
Spatiotemporal Sensitivity Module,Unknown,1,2,2,True,False,Spatiotemporal Sensitivity Module | Spatiotemporal Sensitivity Module (SSM)
Spectral graph theory,Unknown,1,2,2,True,False,Spectral graph theory | spectral graph theory
Speculative Decoding,Unknown,1,1,1,True,False,Speculative Decoding
Splines,Unknown,1,1,1,True,False,Splines
Stable Diffusion Ultra,Unknown,1,1,1,True,False,Stable Diffusion Ultra
Standard contract theory,Unknown,1,1,1,True,False,Standard contract theory
State merge,Unknown,1,2,2,True,False,State merge | state merge
Static single assignment,Unknown,1,2,2,True,False,Static single assignment | Static single assignment (SSA)
Statistical hypothesis testing,Unknown,1,1,1,True,False,Statistical hypothesis testing
Stochastic Amortization with noisy labels,Unknown,1,1,1,True,False,Stochastic Amortization with noisy labels
Stochastic Seedset Selection Descent,Unknown,1,2,2,True,False,Stochastic Seedset Selection Descent | Stochastic Seedset Selection Descent (S3D)
Stochastic amortization,Unknown,1,1,1,True,False,Stochastic amortization
Stochastic mirror descent,Unknown,1,1,1,True,False,Stochastic mirror descent
Stochastic processes,Unknown,1,1,1,True,False,Stochastic processes
Stochastic-process approach,Unknown,1,2,2,True,False,Stochastic-process approach | stochastic-process approach
Stochastic-process approach for learning dynamics,Technique,1,1,1,True,False,Stochastic-process approach for learning dynamics
StopGrad operator,Unknown,1,1,1,True,False,StopGrad operator
Stravinsky programming language,Unknown,1,1,1,True,False,Stravinsky programming language
Strong meta-tuned default parameters,Unknown,1,1,1,True,False,Strong meta-tuned default parameters
Structured orthogonal parametrization,Unknown,1,2,2,True,False,Structured orthogonal parametrization | structured orthogonal parametrization
Sum-product networks,Unknown,1,1,1,True,False,Sum-product networks
Supervised Safety Fine-Tuning,Unknown,1,2,2,True,False,Supervised Safety Fine-Tuning | Supervised safety fine-tuning
Supervised contrastive loss,Unknown,1,2,2,True,False,Supervised contrastive loss | supervised contrastive loss
Surrogate model training,Technique,1,1,1,True,False,Surrogate model training
SwiGLU,Unknown,1,1,1,True,False,SwiGLU
Synatra,Unknown,1,1,1,True,False,Synatra
Synatra-CodeLlama,Unknown,1,1,1,True,False,Synatra-CodeLlama
Synthetic activation NME intervention,Unknown,1,1,1,True,False,Synthetic activation NME intervention
Synthetic data generation framework,Tool,1,2,2,True,False,Synthetic data generation framework | synthetic data generation framework
TMC estimator,Unknown,1,1,1,True,False,TMC estimator
TRADES,Unknown,1,1,1,True,False,TRADES
TVSAFEOPT,Unknown,1,1,1,True,False,TVSAFEOPT
TabR,Unknown,1,1,1,True,False,TabR
Takens' theorem,Unknown,1,1,1,True,False,Takens' theorem
Tangent Space Causal Inference,Unknown,1,3,3,True,False,TSCI | Tangent Space Causal Inference | Tangent Space Causal Inference (TSCI)
Task-feature alignment data model,Unknown,1,1,1,True,False,Task-feature alignment data model
Task-structured RL algorithms,Unknown,1,1,1,True,False,Task-structured RL algorithms
Temporal Activation Controller,Unknown,1,2,2,True,False,Temporal Activation Controller | Temporal Activation Controller (TAC)
Temporal Dependency Modelling,Unknown,1,1,1,True,False,Temporal Dependency Modelling
Temporal Shift Module (TSM),Unknown,1,1,1,True,False,Temporal Shift Module (TSM)
Temporally asymmetric generalization of Oja's rule,Unknown,1,2,2,True,False,Temporally asymmetric generalization of Oja's rule | temporally asymmetric generalization of Oja's rule
TensorFlow Hub API,Unknown,1,1,1,True,False,TensorFlow Hub API
TernGrad,Unknown,1,1,1,True,False,TernGrad
Text-to-image diffusion models,Architecture,1,1,1,True,False,Text-to-image diffusion models
TextGrad,Unknown,1,1,1,True,False,TextGrad
Theoretical analysis of gradient descent sample inefficiency,Unknown,1,1,1,True,False,Theoretical analysis of gradient descent sample inefficiency
Theoretical framework for tokenization under Markovian data,Tool,1,1,1,True,False,Theoretical framework for tokenization under Markovian data
Theory of pattern classes under discrete data streams,Unknown,1,1,1,True,False,Theory of pattern classes under discrete data streams
Tokenization,Unknown,1,2,2,True,False,Tokenization | tokenization
Tool-augmented Outcome Reward Model,Tool,1,1,1,True,False,Tool-augmented Outcome Reward Model
Topographic Similarity,Unknown,1,1,1,True,False,Topographic Similarity
Torch Hub API,Unknown,1,1,1,True,False,Torch Hub API
Trace,Unknown,1,1,1,True,False,Trace
Trace library,Tool,1,1,1,True,False,Trace library
Tracr,Unknown,1,1,1,True,False,Tracr
Tractability conditions for compositional queries,Unknown,1,1,1,True,False,Tractability conditions for compositional queries
Transfer learning,Technique,1,2,2,True,False,Transfer learning | transfer learning
Transformer,Architecture,1,1,1,True,False,Transformer
TransformerLens,Unknown,1,1,1,True,False,TransformerLens
Tuned defaults,Unknown,1,1,1,True,False,Tuned defaults
Two-agent speaker-listener game,Unknown,1,1,1,True,False,Two-agent speaker-listener game
Two-stage training algorithm,Technique,1,2,2,True,False,Two-stage training algorithm | two-stage training algorithm
Two-stage training algorithm for one-layer transformer,Architecture,1,1,1,True,False,Two-stage training algorithm for one-layer transformer
U-statistic,Unknown,1,1,1,True,False,U-statistic
UL2,Model,1,1,1,True,False,UL2
UL2 objective,Unknown,1,1,1,True,False,UL2 objective
UMAP,Unknown,1,1,1,True,False,UMAP
Uncoupled learning algorithm for local deviations,Technique,1,1,1,True,False,Uncoupled learning algorithm for local deviations
Unelicitable backdoors,Unknown,1,2,2,True,False,Unelicitable backdoors | unelicitable backdoors
Unet,Unknown,1,1,1,True,False,Unet
UniFastSgd,Unknown,1,1,1,True,False,UniFastSgd
UniFastSvrg,Unknown,1,1,1,True,False,UniFastSvrg
UniSgd,Unknown,1,1,1,True,False,UniSgd
UniSvrg,Unknown,1,1,1,True,False,UniSvrg
Uniform DAG sampling,Unknown,1,1,1,True,False,Uniform DAG sampling
Uniform sampling algorithm,Unknown,1,1,1,True,False,Uniform sampling algorithm
Unifying class of structured matrices,Unknown,1,1,1,True,False,Unifying class of structured matrices
Unigram models,Unknown,1,2,2,True,False,Unigram models | unigram models
Universal Transformers,Unknown,1,1,1,True,False,Universal Transformers
Unsupervised Environment Design,Unknown,1,1,1,True,False,Unsupervised Environment Design
Unsupervised routing,Unknown,1,2,2,True,False,Unsupervised routing | unsupervised routing
Update-and-deploy framework,Tool,1,1,1,True,False,Update-and-deploy framework
Update-and-deploy setting,Unknown,1,1,1,True,False,Update-and-deploy setting
VGG,Unknown,1,1,1,True,False,VGG
Value Iteration,Algorithm,1,1,1,True,False,Value Iteration
Value function approximation,Unknown,1,2,2,True,False,Value function approximation | value function approximation
Variational Score Distillation,Metric,1,2,2,True,False,Variational Score Distillation | variational score distillation
Variational inference,Unknown,1,1,1,True,False,Variational inference
Vector binding,Unknown,1,1,1,True,False,Vector binding
Vector fields,Unknown,1,1,1,True,False,Vector fields
Vector-contraction inequality,Unknown,1,2,2,True,False,Vector-contraction inequality | vector-contraction inequality
Vectorised kl inverse,Unknown,1,1,1,True,False,Vectorised kl inverse
ViT tiny,Architecture,1,1,1,True,False,ViT tiny
Video diffusion model,Architecture,1,1,1,True,False,Video diffusion model
Vietoris-Rips filtration,Unknown,1,1,1,True,False,Vietoris-Rips filtration
Ville's inequality,Unknown,1,1,1,True,False,Ville's inequality
Vine copulas,Unknown,1,1,1,True,False,Vine copulas
Vision-Language Models,Unknown,1,1,1,True,False,Vision-Language Models
Visual search,Unknown,1,2,2,True,False,Visual search | visual search
Visual-prompt tuning,Unknown,1,2,2,True,False,Visual-prompt tuning | visual-prompt tuning
Wasserstein,Unknown,1,1,1,True,False,Wasserstein
Wasserstein OT,Unknown,1,1,1,True,False,Wasserstein OT
Wasserstein gradient boosting,Unknown,1,2,2,True,False,Wasserstein gradient boosting | Wasserstein gradient boosting (WGBoost)
Wasserstein gradient flows,Unknown,1,1,1,True,False,Wasserstein gradient flows
Wasserstein-boosted evidential learning (WEvidential),Technique,1,1,1,True,False,Wasserstein-boosted evidential learning (WEvidential)
Watts-Strogatz model,Unknown,1,1,1,True,False,Watts-Strogatz model
Weight noise,Unknown,1,2,2,True,False,Weight noise | weight noise
Weight orthogonalization,Unknown,1,2,2,True,False,Weight orthogonalization | weight orthogonalization
Weight orthogonalization jailbreak method,Unknown,1,1,1,True,False,Weight orthogonalization jailbreak method
Weight rescaling following pretraining,Unknown,1,1,1,True,False,Weight rescaling following pretraining
Weight rescaling technique,Unknown,1,1,1,True,False,Weight rescaling technique
Weighted finite automaton,Unknown,1,1,1,True,False,Weighted finite automaton
WizardMath,Unknown,1,1,1,True,False,WizardMath
X-support compatibility,Unknown,1,1,1,True,False,X-support compatibility
XGBoost,Unknown,1,1,1,True,False,XGBoost
active labeling framework,Tool,1,1,1,True,False,active labeling framework
adaptive gradient methods,Unknown,1,1,1,True,False,adaptive gradient methods
adversarial evaluation procedure,Unknown,1,1,1,True,False,adversarial evaluation procedure
adversarial suffixes,Unknown,1,1,1,True,False,adversarial suffixes
adversarial training strategies,Technique,1,1,1,True,False,adversarial training strategies
algorithm enhancements for memory footprint reduction,Unknown,1,1,1,True,False,algorithm enhancements for memory footprint reduction
all-mpnet-base-v2,Unknown,1,1,1,True,False,all-mpnet-base-v2
alternative parameterization of low-rank problem,Unknown,1,1,1,True,False,alternative parameterization of low-rank problem
ancestral sampling,Unknown,1,1,1,True,False,ancestral sampling
assignment-then-diffusion,Unknown,1,1,1,True,False,assignment-then-diffusion
assignment-then-diffusion training strategy,Technique,1,1,1,True,False,assignment-then-diffusion training strategy
auditing algorithms,Unknown,1,1,1,True,False,auditing algorithms
basis for equivariant operations,Unknown,1,1,1,True,False,basis for equivariant operations
bidirectional graph search,Unknown,1,1,1,True,False,bidirectional graph search
character-level tokenizer,Unknown,1,1,1,True,False,character-level tokenizer
class-balanced subset,Unknown,1,1,1,True,False,class-balanced subset
composite hypothesis tests,Unknown,1,1,1,True,False,composite hypothesis tests
consistent binary relevance surrogate,Unknown,1,1,1,True,False,consistent binary relevance surrogate
dPCA,Unknown,1,1,1,True,False,dPCA
discounted occupancy couplings,Unknown,1,1,1,True,False,discounted occupancy couplings
disentangled conditioning mechanism,Unknown,1,1,1,True,False,disentangled conditioning mechanism
disentangled semantic and low-level conditioning mechanism,Unknown,1,1,1,True,False,disentangled semantic and low-level conditioning mechanism
double integral operator,Unknown,1,1,1,True,False,double integral operator
dynamic propagation models,Unknown,1,1,1,True,False,dynamic propagation models
dynamic rescaling of network parameters and gradients,Unknown,1,1,1,True,False,dynamic rescaling of network parameters and gradients
efficient uncoupled learning algorithm,Technique,1,1,1,True,False,efficient uncoupled learning algorithm
encrypted LM backdoor,Unknown,1,1,1,True,False,encrypted LM backdoor
equivariant basis from graph Laplacian,Unknown,1,1,1,True,False,equivariant basis from graph Laplacian
f-DP,Unknown,1,1,1,True,False,f-DP
feed-forward layer,Unknown,1,1,1,True,False,feed-forward layer
fixed-point forward gradients,Unknown,1,1,1,True,False,fixed-point forward gradients
flow algorithms on graphs,Unknown,1,1,1,True,False,flow algorithms on graphs
flow equations describing learning,Technique,1,1,1,True,False,flow equations describing learning
formal verification,Unknown,1,1,1,True,False,formal verification
game theory,Unknown,1,1,1,True,False,game theory
generalization bounds,Unknown,1,1,1,True,False,generalization bounds
gradient penalties,Unknown,1,1,1,True,False,gradient penalties
graph structure,Unknown,1,1,1,True,False,graph structure
graph-based learning framework,Tool,1,1,1,True,False,graph-based learning framework
higher order graph neural networks,Architecture,1,1,1,True,False,higher order graph neural networks
inhibitory plasticity,Unknown,1,1,1,True,False,inhibitory plasticity
inhibitory plasticity rule,Unknown,1,1,1,True,False,inhibitory plasticity rule
intra-class spectral norm ratio,Unknown,1,1,1,True,False,intra-class spectral norm ratio
jailbreaks via competing objectives,Unknown,1,1,1,True,False,jailbreaks via competing objectives
jailbreaks via mismatched generalization,Unknown,1,1,1,True,False,jailbreaks via mismatched generalization
k-gram models,Unknown,1,1,1,True,False,k-gram models
k-means clustering,Algorithm,1,1,1,True,False,k-means clustering
k-medoids,Unknown,1,1,1,True,False,k-medoids
k-nearest neighbors (kNN) decoder,Unknown,1,1,1,True,False,k-nearest neighbors (kNN) decoder
k-nearest neighbors regression,Unknown,1,1,1,True,False,k-nearest neighbors regression
kth-order Markov processes,Unknown,1,1,1,True,False,kth-order Markov processes
latent interventions,Unknown,1,1,1,True,False,latent interventions
linear models,Unknown,1,1,1,True,False,linear models
linear program,Unknown,1,1,1,True,False,linear program
mechanistic interpretability,Unknown,1,1,1,True,False,mechanistic interpretability
message passing,Unknown,1,1,1,True,False,message passing
meta-tuned default parameters,Unknown,1,1,1,True,False,meta-tuned default parameters
method directly training on scenarios with high learnability,Technique,1,1,1,True,False,method directly training on scenarios with high learnability
minGPT,Unknown,1,1,1,True,False,minGPT
mixture class-balancing method,Unknown,1,1,1,True,False,mixture class-balancing method
mixture method,Unknown,1,1,1,True,False,mixture method
mmDiT,Unknown,1,1,1,True,False,mmDiT
modular arithmetic dataset,Dataset,1,1,1,True,False,modular arithmetic dataset
multimodal language models,Unknown,1,1,1,True,False,multimodal language models
multivariate Gaussian,Unknown,1,1,1,True,False,multivariate Gaussian
mutual fairness metric,Metric,1,1,1,True,False,mutual fairness metric
nMCTS,Unknown,1,1,1,True,False,nMCTS
nearly-linear time algorithm,Unknown,1,1,1,True,False,nearly-linear time algorithm
nested feature selection,Unknown,1,1,1,True,False,nested feature selection
neural network classifiers,Unknown,1,1,1,True,False,neural network classifiers
new seed-selection algorithm,Algorithm,1,1,1,True,False,new seed-selection algorithm
no-regret learning procedures,Technique,1,1,1,True,False,no-regret learning procedures
noisy replicate padding mechanism,Unknown,1,1,1,True,False,noisy replicate padding mechanism
normal-form games,Unknown,1,1,1,True,False,normal-form games
normalization layers,Unknown,1,1,1,True,False,normalization layers
novel scene description benchmark,Dataset,1,1,1,True,False,novel scene description benchmark
online reinforcement learning,Technique,1,1,1,True,False,online reinforcement learning
optimal transport distances,Algorithm,1,1,1,True,False,optimal transport distances
optimal transport theory,Algorithm,1,1,1,True,False,optimal transport theory
option-level formulation,Unknown,1,1,1,True,False,option-level formulation
password-locked backdoor,Unknown,1,1,1,True,False,password-locked backdoor
pay-per-token pricing,Unknown,1,1,1,True,False,pay-per-token pricing
piVAE,Unknown,1,1,1,True,False,piVAE
polytope theory,Unknown,1,1,1,True,False,polytope theory
program search,Unknown,1,1,1,True,False,program search
program synthesis,Unknown,1,1,1,True,False,program synthesis
proportionally fair clustering,Unknown,1,1,1,True,False,proportionally fair clustering
pseudo-margin learning,Technique,1,1,1,True,False,pseudo-margin learning
pseudo-margin learning scheme,Technique,1,1,1,True,False,pseudo-margin learning scheme
quantized assignment strategy,Unknown,1,1,1,True,False,quantized assignment strategy
random forest,Unknown,1,1,1,True,False,random forest
randomized online learning algorithm for finite Phi-regret,Technique,1,1,1,True,False,randomized online learning algorithm for finite Phi-regret
red-teaming,Unknown,1,1,1,True,False,red-teaming
reinforcement learning-based centralized dynamic planning framework,Tool,1,1,1,True,False,reinforcement learning-based centralized dynamic planning framework
relational match-to-sample task,Unknown,1,1,1,True,False,relational match-to-sample task
remote photoplethysmography,Unknown,1,1,1,True,False,remote photoplethysmography
risk controlling prediction sets,Unknown,1,1,1,True,False,risk controlling prediction sets
scaled noise schedule,Unknown,1,1,1,True,False,scaled noise schedule
seed-selection algorithm,Algorithm,1,1,1,True,False,seed-selection algorithm
self-attention module,Architecture,1,1,1,True,False,self-attention module
sign operator,Unknown,1,1,1,True,False,sign operator
subsampled Gaussian mechanism,Unknown,1,1,1,True,False,subsampled Gaussian mechanism
suite of RL algorithms,Unknown,1,1,1,True,False,suite of RL algorithms
t-SNE,Unknown,1,1,1,True,False,t-SNE
task prioritisation metrics,Unknown,1,1,1,True,False,task prioritisation metrics
teacher-student models,Unknown,1,1,1,True,False,teacher-student models
ternary gradients,Optimizer,1,1,1,True,False,ternary gradients
text-to-image models,Unknown,1,1,1,True,False,text-to-image models
tool-augmented ORM,Tool,1,1,1,True,False,tool-augmented ORM
topological data analysis,Unknown,1,1,1,True,False,topological data analysis
tree-based evidential learning,Technique,1,1,1,True,False,tree-based evidential learning
tridiag-N-MIENF,Unknown,1,1,1,True,False,tridiag-N-MIENF
uncoupled learning algorithm,Technique,1,1,1,True,False,uncoupled learning algorithm
universal stochastic gradient methods,Optimizer,1,1,1,True,False,universal stochastic gradient methods
vanilla Sinkhorn,Algorithm,1,1,1,True,False,vanilla Sinkhorn
view decoupling,Unknown,1,1,1,True,False,view decoupling
vision language models,Unknown,1,1,1,True,False,vision language models
w2w inversion,Unknown,1,1,1,True,False,w2w inversion
weak supervision,Unknown,1,1,1,True,False,weak supervision
weight rescaling,Unknown,1,1,1,True,False,weight rescaling
weights2weights (w2w) space,Unknown,1,1,1,True,False,weights2weights (w2w) space
weights2weights subspace,Unknown,1,1,1,True,False,weights2weights subspace
white-box jailbreak method,Unknown,1,1,1,True,False,white-box jailbreak method
ηMCTS,Unknown,1,1,1,True,False,ηMCTS
